,feature,importance
5,bps,0.26056585
23,points_ewm_3,0.10594445
9,next_opp_diff,0.058747157
1,goals_conceded,0.038393226
24,points_ewm_6,0.03819189
11,value,0.029690517
26,total_points_ewm_6,0.026113875
25,total_points_ewm_3,0.025288628
15,clean_sheets_ewm_3,0.024933975
16,clean_sheets_ewm_6,0.024893817
13,selected,0.02452745
17,goals_conceded_ewm_3,0.024377655
7,points,0.024032367
22,assists_ewm_6,0.022742454
18,goals_conceded_ewm_6,0.02266221
14,transfers_balance,0.022392519
19,goals_scored_ewm_3,0.022082627
12,value_efficiency,0.022059016
0,clean_sheets,0.02169283
21,assists_ewm_3,0.021549422
20,goals_scored_ewm_6,0.021102855
3,assists,0.02054241
10,was_home,0.020532472
6,total_points,0.020446278
8,opponent_difficulty,0.020231944
4,bonus,0.019253146
2,goals_scored,0.017008988
